{
	"format_version": "1.8.0",
	"animations": {
		"idle": {
			"loop": true,
			"bones": {
				"gun_body2": {
					"rotation": [-2.5, 0, 0],
					"position": [0, 1, 0]
				},
				"left_arm": {
					"rotation": {
						"0.0": {
							"post": [48.85141, -31.89628, -74.56875],
							"lerp_mode": "catmullrom"
						}
					},
					"position": {
						"0.0": {
							"post": [-2.15002, -6.36688, -3.852],
							"lerp_mode": "catmullrom"
						}
					}
				},
				"right_arm": {
					"rotation": [95.36266, -0.27886, 0.5082],
					"position": [6.29858, 0.89534, 5.75375]
				},
				"gun_body3": {
					"position": [0, -1, 1]
				}
			}
		},
		"shoot": {
			"loop": true,
			"animation_length": 0.25,
			"bones": {
				"gun_body2": {
					"rotation": {
						"0.0": [-2.5, 0, 0],
						"0.125": [-3.33, -0.15, -1.66],
						"0.1667": [-4.98107, -0.43523, -4.98107],
						"0.25": [-2.5, 0, 0]
					},
					"position": {
						"0.0": [0, 1, 0],
						"0.0833": [0, 0.95638, 0.99905],
						"0.1667": [0, 0.93642, 0.9981],
						"0.25": [0, 1, 0]
					}
				},
				"left_arm": {
					"rotation": {
						"0.0": {
							"post": [48.85141, -31.89628, -74.56875],
							"lerp_mode": "catmullrom"
						}
					},
					"position": {
						"0.0": {
							"post": [-2.15002, -6.36688, -3.852],
							"lerp_mode": "catmullrom"
						}
					}
				},
				"right_arm": {
					"rotation": [95.36266, -0.27886, 0.5082],
					"position": [6.29858, 0.89534, 5.75375]
				},
				"seal2": {
					"rotation": {
						"0.0": [0, 0, 0],
						"0.0833": [15, 0, 0],
						"0.25": [0, 0, 0]
					}
				},
				"gun_body3": {
					"position": [0, -1, 1]
				}
			}
		},
		"reload": {
			"animation_length": 2.75,
			"bones": {
				"gun_body2": {
					"rotation": {
						"0.0": {
							"post": [-2.5, 0, 0],
							"lerp_mode": "catmullrom"
						},
						"0.3333": {
							"post": [-23.66235, -8.31087, -18.25612],
							"lerp_mode": "catmullrom"
						},
						"0.75": {
							"post": [-23.66, -8.31, -18.26],
							"lerp_mode": "catmullrom"
						},
						"0.875": {
							"post": [-23.97474, -7.30072, -15.94962],
							"lerp_mode": "catmullrom"
						},
						"1.0": {
							"post": [-23.66235, -8.31087, -18.25612],
							"lerp_mode": "catmullrom"
						},
						"1.4583": {
							"post": [-19.34, -6.67, -14.65],
							"lerp_mode": "catmullrom"
						},
						"1.625": {
							"post": [-19.34, -6.67, -14.65],
							"lerp_mode": "catmullrom"
						},
						"1.875": {
							"post": [-17.49, -5.89, -12.93],
							"lerp_mode": "catmullrom"
						},
						"2.2083": {
							"post": [-20.92, -7.23, -15.89],
							"lerp_mode": "catmullrom"
						},
						"2.2917": {
							"post": [-20.92, -7.23, -15.89],
							"lerp_mode": "catmullrom"
						},
						"2.4583": {
							"post": [-22.57, -7.88, -17.32],
							"lerp_mode": "catmullrom"
						},
						"2.5833": {
							"post": [-23.66235, -8.31087, -18.25612],
							"lerp_mode": "catmullrom"
						},
						"2.75": {
							"post": [-2.5, 0, 0],
							"lerp_mode": "catmullrom"
						}
					},
					"position": {
						"0.0": {
							"post": [0, 1, 0],
							"lerp_mode": "catmullrom"
						},
						"0.3333": {
							"post": [-1, 3, 1],
							"lerp_mode": "catmullrom"
						},
						"0.6667": {
							"post": [-1, 2.93, 1.11],
							"lerp_mode": "catmullrom"
						},
						"0.75": {
							"post": [-1, 3.04, 1.14],
							"lerp_mode": "catmullrom"
						},
						"0.7917": {
							"post": [-1, 3.18, 1.16],
							"lerp_mode": "catmullrom"
						},
						"1.0833": {
							"post": [-1, 2.85, 1.25],
							"lerp_mode": "catmullrom"
						},
						"1.2917": {
							"post": [-0.8738, 2.85591, 1.32159],
							"lerp_mode": "catmullrom"
						},
						"1.75": {
							"post": [-0.64441, 2.36221, 0.81055],
							"lerp_mode": "catmullrom"
						},
						"2.0417": {
							"post": [-1.04, 3.1, 1.17],
							"lerp_mode": "catmullrom"
						},
						"2.125": {
							"post": [-1.06, 3.15, 1.24],
							"lerp_mode": "catmullrom"
						},
						"2.2083": {
							"post": [-1.07, 3.41, 1.35],
							"lerp_mode": "catmullrom"
						},
						"2.25": {
							"post": [-1.08151, 3.46627, 1.34529],
							"lerp_mode": "catmullrom"
						},
						"2.2917": {
							"post": [-1.07, 3.41, 1.35],
							"lerp_mode": "catmullrom"
						},
						"2.3333": {
							"post": [-1.08151, 3.46627, 1.34529],
							"lerp_mode": "catmullrom"
						},
						"2.4583": {
							"post": [-1.12, 2.94, 0.9],
							"lerp_mode": "catmullrom"
						},
						"2.75": {
							"post": [0, 1, 0],
							"lerp_mode": "catmullrom"
						}
					}
				},
				"canister": {
					"rotation": {
						"0.0": {
							"post": [0, 0, 0],
							"lerp_mode": "catmullrom"
						},
						"0.6667": {
							"post": [0, 0, 0],
							"lerp_mode": "catmullrom"
						},
						"0.75": {
							"post": [0, 5, 2.5],
							"lerp_mode": "catmullrom"
						},
						"0.875": {
							"post": [0.6179, 9.96235, 9.58053],
							"lerp_mode": "catmullrom"
						},
						"1.2083": {
							"post": [0.6179, 9.96235, 9.58053],
							"lerp_mode": "catmullrom"
						},
						"1.625": {
							"post": [0.6179, 9.96235, 9.58053],
							"lerp_mode": "catmullrom"
						},
						"1.875": {
							"post": [-16.14776, 4.0243, -12.81893],
							"lerp_mode": "catmullrom"
						},
						"2.0": {
							"post": [-0.58427, 10.76083, -0.93081],
							"lerp_mode": "catmullrom"
						},
						"2.0417": {
							"post": [0.6179, 9.96235, 9.58053],
							"lerp_mode": "catmullrom"
						},
						"2.125": {
							"post": [0.19658, 4.98808, 4.7586],
							"lerp_mode": "catmullrom"
						},
						"2.2917": {
							"post": [0, 0, 0],
							"lerp_mode": "catmullrom"
						},
						"2.375": {
							"post": [0, 0, 0],
							"lerp_mode": "catmullrom"
						},
						"2.4583": {
							"post": [0, 0, 0],
							"lerp_mode": "catmullrom"
						},
						"2.625": {
							"post": [0, 0, 0],
							"lerp_mode": "catmullrom"
						}
					},
					"position": {
						"0.0": {
							"post": [0, 0, 0],
							"lerp_mode": "catmullrom"
						},
						"0.875": {
							"post": [0, 0, 0],
							"lerp_mode": "catmullrom"
						},
						"0.9583": {
							"post": [0, 0, 0],
							"lerp_mode": "catmullrom"
						},
						"1.0417": {
							"post": [-0.49566, -4.05759, 4.07785],
							"lerp_mode": "catmullrom"
						},
						"1.2083": {
							"post": [-0.6, -4.43, 6.74],
							"lerp_mode": "catmullrom"
						},
						"1.625": {
							"post": [-0.6, -4.43, 6.74],
							"lerp_mode": "catmullrom"
						},
						"1.875": {
							"post": [0.60913, -3.77463, 1.91929],
							"lerp_mode": "catmullrom"
						},
						"2.0417": {
							"post": [0.20082, -0.06124, 0.00879],
							"lerp_mode": "catmullrom"
						},
						"2.25": {
							"post": [0.00435, -0.10028, 0.09962],
							"lerp_mode": "catmullrom"
						},
						"2.2917": {
							"post": [0, 0, 0],
							"lerp_mode": "catmullrom"
						},
						"2.375": {
							"post": [0, 0, 0],
							"lerp_mode": "catmullrom"
						},
						"2.4583": {
							"post": [0, 0, 0],
							"lerp_mode": "catmullrom"
						},
						"2.625": {
							"post": [0, 0, 0],
							"lerp_mode": "catmullrom"
						}
					}
				},
				"left_arm": {
					"rotation": {
						"0.0": {
							"post": [48.85141, -31.89628, -74.56875],
							"lerp_mode": "catmullrom"
						},
						"0.2917": {
							"post": [48.85141, -31.89628, -74.56875],
							"lerp_mode": "catmullrom"
						},
						"0.375": {
							"post": [48.85141, -31.89628, -74.56875],
							"lerp_mode": "catmullrom"
						},
						"0.4583": {
							"post": [48.85141, -31.89628, -74.56875],
							"lerp_mode": "catmullrom"
						},
						"0.5417": {
							"post": [48.85141, -31.89628, -74.56875],
							"lerp_mode": "catmullrom"
						},
						"0.6667": {
							"post": [48.85141, -31.89628, -74.56875],
							"lerp_mode": "catmullrom"
						},
						"0.9583": {
							"post": [48.85141, -31.89628, -74.56875],
							"lerp_mode": "catmullrom"
						},