{
	"format_version": "1.8.0",
	"animations": {
		"shoot": {
			"loop": true,
			"animation_length": 0.4583,
			"bones": {
				"right_arm": {
					"rotation": [90, 0, -180],
					"position": [5.65, -1.2, 6]
				},
				"left_arm": {
					"rotation": [73.95054, -26.20116, -129.71317],
					"position": [-3.2, -5, -2.85],
					"scale": 0
				},
				"gun_body": {
					"rotation": {
						"0.0": [-10, 0, 0],
						"0.0833": [-1, 0, 0],
						"0.3333": [0, 0, 0],
						"0.375": [0, 0, 0],
						"0.4583": [0, 0, 0]
					},
					"position": {
						"0.0": [0, 0, 1.9],
						"0.0833": [0, 0, 0.5],
						"0.25": [0, 0, 0],
						"0.3333": [0, 0, 0],
						"0.375": [0, 0, 0],
						"0.4583": [0, 0, 0]
					}
				},
				"bolt": {
					"position": {
						"0.0": [0, 0, 1.85],
						"0.0833": [0, 0, 2.6],
						"0.25": [0, 0, 0],
						"0.375": [0, 0, 0]
					}
				},
				"magazine": {
					"rotation": [0, 0, 0],
					"position": [0, 0, 0],
					"scale": 1
				}
			}
		},
		"aim_shoot": {
			"loop": true,
			"animation_length": 0.4583,
			"bones": {
				"right_arm": {
					"rotation": [90, 0, -180],
					"position": [5.65, -1.2, 6]
				},
				"left_arm": {
					"rotation": [73.95054, -26.20116, -129.71317],
					"position": [-3.2, -5, -2.85],
					"scale": 0
				},
				"gun_body": {
					"rotation": {
						"0.0": [-10, 0, 0],
						"0.0833": [-1, 0, 0],
						"0.3333": [0, 0, 0],
						"0.375": [0, 0, 0],
						"0.4583": [0, 0, 0]
					},
					"position": {
						"0.0": [0, 0, 1.9],
						"0.0833": [0, 0, 0.5],
						"0.25": [0, 0, 0],
						"0.3333": [0, 0, 0],
						"0.375": [0, 0, 0],
						"0.4583": [0, 0, 0]
					}
				},
				"bolt": {
					"position": {
						"0.0": [0, 0, 1.85],
						"0.0833": [0, 0, 2.6],
						"0.25": [0, 0, 0],
						"0.375": [0, 0, 0]
					}
				},
				"magazine": {
					"rotation": [0, 0, 0],
					"position": [0, 0, 0],
					"scale": 1
				}
			}
		},
		"reload": {
			"animation_length": 2.6667,
			"bones": {
				"right_arm": {
					"rotation": [90, 0, -180],
					"position": [5.65, -1.2, 6]
				},
				"left_arm": {
					"rotation": {
						"0.0": {
							"post": [73.95054, -26.20116, -129.71317],
							"lerp_mode": "catmullrom"
						},
						"0.0833": {
							"post": [86.1254, -29.07116, -146.62564],
							"lerp_mode": "catmullrom"
						},
						"0.375": {
							"post": [89.35458, -29.33171, -153.61416],
							"lerp_mode": "catmullrom"
						},
						"0.5": {
							"post": [95.92808, -22.41571, -161.90146],
							"lerp_mode": "catmullrom"
						},
						"0.5833": {
							"post": [95.92213, -29.07829, -139.15932],
							"lerp_mode": "catmullrom"
						},
						"0.7917": {
							"post": [95.92213, -29.07829, -139.15932],
							"lerp_mode": "catmullrom"
						},
						"0.9167": {
							"post": [94.62641, -27.73162, -175.0742],
							"lerp_mode": "catmullrom"
						},
						"1.0": {
							"post": [99.87641, -27.73162, -175.0742],
							"lerp_mode": "catmullrom"
						},
						"1.0833": {
							"post": [103.64234, -24.65875, -176.05091],
							"lerp_mode": "catmullrom"
						},
						"1.25": {
							"post": [115.60104, -19.62867, -175.07876],
							"lerp_mode": "catmullrom"
						},
						"1.4583": {
							"post": [115.60104, -19.62867, -175.07876],
							"lerp_mode": "catmullrom"
						},
						"1.5": {
							"post": [115.60104, -19.62867, -175.07876],
							"lerp_mode": "catmullrom"
						},
						"1.7083": {
							"post": [105.07918, -15.00725, -190.0366],
							"lerp_mode": "catmullrom"
						},
						"1.75": {
							"post": [105.08, -15.01, -190.04],
							"lerp_mode": "catmullrom"
						},
						"1.8333": {
							"post": [88.08, -15.01, -190.04],
							"lerp_mode": "catmullrom"
						},
						"1.9167": {
							"post": [88.08, -15.01, -190.04],
							"lerp_mode": "catmullrom"
						},
						"2.0833": {
							"post": [122.77061, -13.41769, -210.67348],
							"lerp_mode": "catmullrom"
						},
						"2.1667": {
							"post": [122.77061, -13.41769, -210.67348],
							"lerp_mode": "catmullrom"
						},
						"2.4583": [73.95054, -26.20116, -129.71317]
					},
					"position": {
						"0.0": [-1.2, -10, 10.15],
						"0.0833": {
							"pre": [-3.70485, -6.22194, 0.61087],
							"post": [-3.70485, -6.22194, 0.61087],
							"lerp_mode": "catmullrom"
						},
						"0.4167": {
							"post": [-3.04498, -7.63279, 0.0037],
							"lerp_mode": "catmullrom"
						},
						"0.5": {
							"post": [-3.93051, -9.05685, 0.37955],
							"lerp_mode": "catmullrom"
						},
						"0.5833": {
							"post": [-3.83904, -8.35556, 1.97677],
							"lerp_mode": "catmullrom"
						},
						"0.7917": {
							"post": [-3.83904, -8.35556, 1.97677],
							"lerp_mode": "catmullrom"
						},
						"0.9167": {
							"post": [-3.25529, -8.15172, -0.8006],
							"lerp_mode": "catmullrom"
						},
						"1.0": {
							"post": [-2.95058, -8.14427, -0.22435],
							"lerp_mode": "catmullrom"
						},
						"1.0833": {
							"post": [-3.39116, -8.20817, 1.33078],
							"lerp_mode": "catmullrom"
						},
						"1.25": {
							"post": [-3.06801, -9.3342, 0.46837],
							"lerp_mode": "catmullrom"
						},
						"1.4583": {
							"post": [-3.89543, -8.81038, 1.0078],
							"lerp_mode": "catmullrom"
						},
						"1.5": {
							"post": [-3.89543, -8.81038, 1.0078],
							"lerp_mode": "catmullrom"
						},
						"1.7083": {
							"post": [-4.04614, -8.46966, -1.2655],
							"lerp_mode": "catmullrom"
						},
						"1.75": {
							"post": [-4.05, -8.47, -1.27],
							"lerp_mode": "catmullrom"
						},
						"1.8333": {
							"post": [-3.92531, -8.54124, 0.21828],
							"lerp_mode": "catmullrom"
						},
						"1.9167": {
							"post": [-3.81335, -7.72615, 1.15934],
							"lerp_mode": "catmullrom"
						},
						"2.0833": {
							"post": [-3.77673, -9.44634, -0.89952],
							"lerp_mode": "catmullrom"
						},
						"2.1667": {
							"post": [-2.87505, -8.89499, 0.22066],
							"lerp_mode": "catmullrom"
						},
						"2.4583": [-1.2, -10, 10.15]
					}
				},
				"gun_body": {
					"rotation": {
						"0.0": {
							"post": [0, 0, 0],
							"lerp_mode": "catmullrom"
						},
						"0.125": {
							"post": [-5, 0, -12.5],
							"lerp_mode": "catmullrom"
						},
						"0.1667": {
							"post": [-5.99, 0, -13.21],
							"lerp_mode": "catmullrom"
						},
						"0.2083": {
							"post": [-7.46312, 0, -12.89937],
							"lerp_mode": "catmullrom"
						},
						"0.25": {
							"post": [-7.99757, -0.1601, -14.24266],
							"lerp_mode": "catmullrom"
						},
						"0.375": {
							"post": [3.25, 0, -12.5],
							"lerp_mode": "catmullrom"
						},
						"0.6667": {
							"post": [0.74997, 0.00654, -12.99996],
							"lerp_mode": "catmullrom"
						},
						"0.875": {
							"post": [4.25148, 0.00758, -13.03889],
							"lerp_mode": "catmullrom"
						},
						"1.0833": {
							"post": [0.62, 0.01, -13.03],
							"lerp_mode": "catmullrom"
						},
						"1.1667": {
							"post": [3.63018, 0.01023, -13.02543],
							"lerp_mode": "catmullrom"
						},
						"1.25": {
							"post": [-3.49661, -0.09667, -14.75691],
							"lerp_mode": "catmullrom"
						},
						"1.4167": {
							"post": [-8.23422, 0.5119, -9.53613],
							"lerp_mode": "catmullrom"
						},
						"1.5": {
							"post": [-9.25, 0.01, -13],
							"lerp_mode": "catmullrom"
						},
						"1.7917": {
							"post": [1.75, 0.01, -13],
							"lerp_mode": "catmullrom"
						},
						"1.9167": {
							"post": [2.99103, 0.2322, -17.2442],
							"lerp_mode": "catmullrom"
						},
						"2.0": {
							"post": [3, 0.01, -13],
							"lerp_mode": "catmullrom"
						},
						"2.0417": {
							"post": [2.38, 0.01, -13],
							"lerp_mode": "catmullrom"
						},
						"2.0833": {
							"post": [-0.37, 0.01, -13],
							"lerp_mode": "catmullrom"
						},
						"2.1667": {
							"post": [0.5, 0.01, -13],
							"lerp_mode": "catmullrom"
						},
						"2.2917": {
							"post": [-8.18814, 1.01193, -6.07171],