{
	"format_version": "1.8.0",
	"animations": {
		"aim_shoot": {
			"loop": true,
			"animation_length": 0.375,
			"bones": {
				"right_arm": {
					"rotation": [90, 0, -180],
					"position": [6.15, -2.95, 5.75]
				},
				"left_arm": {
					"scale": 0
				},
				"gun_body": {
					"rotation": {
						"0.0": [-5.25, 0, 0],
						"0.0833": [-1, 0, 0],
						"0.375": [0, 0, 0]
					},
					"position": {
						"0.0": [0, 0.64321, 1.48818],
						"0.0833": [0, 0, 0.5],
						"0.25": [0, 0, 0]
					}
				},
				"bolt": {
					"position": {
						"0.0": [0, 0, 1.75],
						"0.125": [0, 0, 0]
					}
				},
				"magazine": {
					"scale": 1
				},
				"magazine_2": {
					"scale": 0
				}
			},
			"particle_effects": {
				"0.0": {
					"effect": "eject_casing"
				}
			}
		},
		"reload": {
			"animation_length": 2.3333,
			"bones": {
				"right_arm": {
					"rotation": {
						"0.0": {
							"post": [90, 0, -180],
							"lerp_mode": "catmullrom"
						}
					},
					"position": {
						"0.0": {
							"post": [6.15, -2.95, 5.75],
							"lerp_mode": "catmullrom"
						}
					}
				},
				"left_arm": {
					"rotation": {
						"0.0": [75.17785, -14.14798, -133.25115],
						"0.25": [73.95054, -26.20116, -129.71317],
						"0.375": [73.95054, -26.20116, -129.71317],
						"0.4583": [75.00117, -16.56383, -132.58411],
						"0.5": [75.00117, -16.56383, -132.58411],
						"0.625": [74.32874, -23.3153, -130.61595],
						"0.75": [74.33, -23.32, -130.62],
						"1.625": [74.33, -23.32, -130.62],
						"1.7083": [79.96438, -26.1145, -144.04001],
						"1.75": [79.96438, -26.1145, -144.04001],
						"1.9167": [75.00117, -16.56383, -132.58411],
						"2.0833": [74.20918, -24.27785, -130.31964],
						"2.1667": [74.20918, -24.27785, -130.31964],
						"2.3333": [75.17785, -14.14798, -133.25115]
					},
					"position": {
						"0.0": [-0.7, -11.6, 9.15],
						"0.25": [-1.95194, -5.70975, -1.88253],
						"0.375": [-1.95194, -5.70975, -1.88253],
						"0.4583": [-2.06368, -5.65992, -4.03819],
						"0.5": [-2.06368, -5.65992, -4.03819],
						"0.625": [-1.02356, -5.73598, -1.49392],
						"0.75": [-2.50091, -5.28473, -0.1072],
						"1.625": [-2.50091, -5.28473, -0.1072],
						"1.7083": [-2.34523, -5.45687, -0.55132],
						"1.75": [-2.34523, -5.45687, -0.55132],
						"1.9167": [-2.06368, -5.65992, -4.03819],
						"2.0833": [-1.45747, -5.82325, -2.89969],
						"2.1667": [-1.45747, -5.82325, -2.89969],
						"2.3333": [-0.7, -11.6, 9.15]
					}
				},
				"gun_body": {
					"rotation": {
						"0.0": {
							"post": [0, 0, 0],
							"lerp_mode": "catmullrom"
						},
						"0.2083": {
							"post": [0, 0, 0],
							"lerp_mode": "catmullrom"
						},
						"0.2917": {
							"post": [0, 0, -6],
							"lerp_mode": "catmullrom"
						},
						"0.375": {
							"post": [-3, 0, -6],
							"lerp_mode": "catmullrom"
						},
						"0.5833": {
							"post": [-0.98163, 0.1908, 4.99837],
							"lerp_mode": "catmullrom"
						},
						"0.75": {
							"post": [-2.98163, 0.1908, 4.99837],
							"lerp_mode": "catmullrom"
						},
						"0.8333": {
							"post": [-2.96109, 0.39823, 8.99304],
							"lerp_mode": "catmullrom"
						},
						"0.9583": {
							"post": [-0.96109, 0.39823, 8.99304],
							"lerp_mode": "catmullrom"
						},
						"1.25": {
							"post": [-4.25947, 3.19831, -8.25039],
							"lerp_mode": "catmullrom"
						},
						"1.5": {
							"post": [-4.27781, 6.19, -8.47442],
							"lerp_mode": "catmullrom"
						},
						"1.6667": {
							"post": [-3.94751, 6.4052, -5.46397],
							"lerp_mode": "catmullrom"
						},
						"1.75": {
							"post": [-3.60616, 6.60286, -2.45109],
							"lerp_mode": "catmullrom"
						},
						"2.0833": {
							"post": [-3.60616, 6.60286, -2.45109],
							"lerp_mode": "catmullrom"
						},
						"2.2917": {
							"post": [0, 0, 0],
							"lerp_mode": "catmullrom"
						}
					},
					"position": {
						"0.0": {
							"post": [0, 0, 0],
							"lerp_mode": "catmullrom"
						},
						"0.2083": {
							"post": [0, 0, 0],
							"lerp_mode": "catmullrom"
						},
						"0.375": {
							"post": [0.01044, -0.09932, 0.39477],
							"lerp_mode": "catmullrom"
						},
						"0.5": {
							"post": [0.00726, -0.07398, -0.10931],
							"lerp_mode": "catmullrom"
						},
						"0.5833": {
							"post": [0.01164, -0.08561, 0.18959],
							"lerp_mode": "catmullrom"
						},
						"0.75": {
							"post": [0.00963, -0.10563, 0.48959],
							"lerp_mode": "catmullrom"
						},
						"0.8333": {
							"post": [-0.02056, -0.276, -0.11952],
							"lerp_mode": "catmullrom"
						},
						"0.9583": {
							"post": [-0.06692, -0.57627, -0.12503],
							"lerp_mode": "catmullrom"
						},
						"1.1667": {
							"post": [-0.06692, -0.57627, -0.12503],
							"lerp_mode": "catmullrom"
						},
						"1.4583": {
							"post": [0.00886, -0.65862, 1.06482],
							"lerp_mode": "catmullrom"
						},
						"1.5417": {
							"post": [-0.08676, -0.61407, 0.3272],
							"lerp_mode": "catmullrom"
						},
						"1.9167": {
							"post": [-0.05352, -0.628, 0.56968],
							"lerp_mode": "catmullrom"
						},
						"2.125": {
							"post": [0.17428, -0.74111, 2.44796],
							"lerp_mode": "catmullrom"
						},
						"2.2917": {
							"post": [0, 0, 0],
							"lerp_mode": "catmullrom"
						}
					}
				},
				"tank2": {
					"rotation": {
						"0.6667": [0, 0, 0],
						"0.75": [-7, 16, 0],
						"0.875": [-2.97384, 17.17968, 14.03568],
						"1.2083": [-2.97, 17.18, 14.04],
						"1.375": [-11.65667, 16.39333, 4.68],
						"1.5": [-7, 16, 0],
						"1.6667": [0, 0, 0]
					},
					"position": {
						"0.6667": [0, 0, 0],
						"0.75": [0.04464, -0.32214, 0.15567],
						"0.875": [3.80284, -1.03, 5.10982],
						"1.0": [6.29628, -4.9141, 13.81534],
						"1.2083": [6.3, -4.91, 13.82],
						"1.375": [2.05376, -2.54268, 4.64381],
						"1.5": [0.04464, -0.32214, 0.15567],
						"1.6667": [0, 0, 0]
					}
				},
				"slider": {
					"position": {
						"0.0": [0, 0, 0],
						"0.375": [0, 0, 0],
						"0.4583": [0, 0, -1.25],
						"2.0": [0, 0, -1.25],
						"2.0833": [0, 0, 0]
					}
				}
			},
			"sound_effects": {
				"0.3333": {
					"effect": "pump_half"
				},
				"0.75": {
					"effect": "reload_mag_out"
				},
				"1.5417": {
					"effect": "reload_mag_in"
				},
				"2.0": {
					"effect": "pump_half"
				}
			},
			"particle_effects": {
				"2.0833": {
					"effect": "loaded"
				}
			}
		},
		"shoot": {
			"loop": true,
			"animation_length": 0.375,
			"bones": {
				"right_arm": {
					"rotation": [90, 0, -180],
					"position": [6.15, -2.95, 5.75]
				},
				"left_arm": {
					"scale": 0
				},
				"gun_body": {
					"rotation": {
						"0.0": [-5.25, 0, 0],
						"0.0833": [-1, 0, 0],
						"0.375": [0, 0, 0]
					},
					"position": {
						"0.0": [0, 0.46894, 1.47216],
						"0.0833": [0, 0, 0.5],
						"0.25": [0, 0, 0]
					}
				},
				"bolt": {
					"position": {
						"0.0": [0, 0, 1.75],
						"0.125": [0, 0, 0]
					}
				},
				"magazine": {
					"scale": 1
				},
				"magazine_2": {
					"scale": 0
				}
			},
			"particle_effects": {
				"0.0": {
					"effect": "eject_casing"
				}
			}
		},
		"draw": {
			"animation_length": 0.625,
			"bones": {
				"right_arm": {
					"rotation": [90, 0, -180],
					"position": [6.15, -2.95, 5.75]
				},
				"left_arm": {
					"scale": 0
				},
				"gun_body": {
					"rotation": {
						"0.0417": [15, 0, 0],
						"0.4583": [0, 0, 0],
						"0.5417": [-4.16957, 0.82074, 0.03898],
						"0.625": [0, 0, 0]
					},
					"position": {
						"0.0417": [0, -7, 0],
						"0.4583": [0, 0, 0],
						"0.5417": [0, 0.5, 0],
						"0.625": [0, 0, 0]
					}
				},
				"magazine_2": {
					"scale": 0
				}
			}
		},
		"inspect": {
			"animation_length": 4.0833,
			"bones": {
				"left_arm": {
					"rotation": {
						"0.0": {
							"post": [-281.55764, 27.24513, 3.88714],
							"lerp_mode": "catmullrom"
						}
					},