{
	"format_version": "1.8.0",
	"animations": {
		"shoot": {
			"loop": true,
			"animation_length": 0.375,
			"bones": {
				"right_arm": {
					"rotation": [90, 0, -180],
					"position": [5.9, -2.95, 5.25]
				},
				"left_arm": {
					"scale": 0
				},
				"gun_body": {
					"rotation": {
						"0.0": [-1.5, 0, 0],
						"0.0833": [-1, 0, 0],
						"0.375": [0, 0, 0]
					},
					"position": {
						"0.0": [0, 0.175, 1.25],
						"0.0833": [0, 0, 0.5],
						"0.25": [0, 0, 0]
					}
				},
				"bolt": {
					"position": {
						"0.0": [0, 0, 1.75],
						"0.125": [0, 0, 0]
					}
				},
				"magazine": {
					"scale": 1
				}
			},
			"particle_effects": {
				"0.0": {
					"effect": "eject_casing"
				}
			}
		},
		"aim_shoot": {
			"loop": true,
			"animation_length": 0.375,
			"bones": {
				"right_arm": {
					"rotation": [90, 0, -180],
					"position": [5.9, -2.95, 5.25]
				},
				"left_arm": {
					"scale": 0
				},
				"gun_body": {
					"rotation": {
						"0.0": [-1.5, 0, 0],
						"0.0833": [-1, 0, 0],
						"0.375": [0, 0, 0]
					},
					"position": {
						"0.0": [0, 0.175, 1.25],
						"0.0833": [0, 0, 0.5],
						"0.25": [0, 0, 0]
					}
				},
				"bolt": {
					"position": {
						"0.0": [0, 0, 1.75],
						"0.125": [0, 0, 0]
					}
				},
				"magazine": {
					"scale": 1
				}
			},
			"particle_effects": {
				"0.0": {
					"effect": "eject_casing"
				}
			}
		},
		"draw": {
			"animation_length": 0.625,
			"bones": {
				"right_arm": {
					"rotation": [90, 0, -180],
					"position": [5.9, -2.95, 5.25]
				},
				"left_arm": {
					"rotation": {
						"0.0417": [140.17567, -51.6326, -321.0655],
						"0.4583": [73.95054, -26.20116, -129.71317],
						"0.625": [73.95054, -26.20116, -129.71317]
					},
					"position": {
						"0.0": [21.5, -9.03, -2.14],
						"0.0417": [21.5, -9.02963, -2.1441],
						"0.2083": [-1.95, -5.49, -2.72],
						"0.4583": [-3.5, -4.7, -2.85],
						"0.625": [-3.5, -4.7, -2.85]
					},
					"scale": 0
				},
				"gun_body": {
					"rotation": {
						"0.0417": [15, 0, 0],
						"0.4583": [0, 0, 0],
						"0.5417": [-4.16957, 0.82074, 0.03898],
						"0.625": [0, 0, 0]
					},
					"position": {
						"0.0417": [0, -7, 0],
						"0.4583": [0, 0, 0],
						"0.5417": [0, 0.5, 0],
						"0.625": [0, 0, 0]
					}
				},
				"bolt": {
					"position": [0, 0, 0]
				},
				"shell": {
					"scale": 0
				}
			}
		},
		"inspect": {
			"animation_length": 3.5,
			"bones": {
				"right_arm": {
					"rotation": [90, 0, -180],
					"position": [5.9, -2.95, 5.25]
				},
				"left_arm": {
					"scale": 0
				},
				"gun_body": {
					"rotation": {
						"0.0": {
							"post": [0, 0, 0],
							"lerp_mode": "catmullrom"
						},
						"0.5": {
							"post": [5.86714, -14.91167, -21.76848],
							"lerp_mode": "catmullrom"
						},
						"0.7917": {
							"post": [6.62683, -15.855, -24.74466],
							"lerp_mode": "catmullrom"
						},
						"1.0833": {
							"post": [0.50496, -19.5397, -5.5267],
							"lerp_mode": "catmullrom"
						},
						"1.375": {
							"post": [-9.66663, -15.21594, 35.97514],
							"lerp_mode": "catmullrom"
						},
						"2.375": {
							"post": [-9.66663, -15.21594, 35.97514],
							"lerp_mode": "catmullrom"
						},
						"3.5": {
							"post": [0, 0, 0],
							"lerp_mode": "catmullrom"
						}
					},
					"position": {
						"0.0": {
							"post": [0, 0, 0],
							"lerp_mode": "catmullrom"
						},
						"0.5": {
							"post": [0.35833, 0, -1.24964],
							"lerp_mode": "catmullrom"
						},
						"0.7917": {
							"post": [0.21095, -0.00439, -1.37188],
							"lerp_mode": "catmullrom"
						},
						"1.375": {
							"post": [0.21, -0.475, -1.37],
							"lerp_mode": "catmullrom"
						},
						"2.375": {
							"post": [0.21, -0.475, -1.37],
							"lerp_mode": "catmullrom"
						},
						"3.5": {
							"post": [0, 0, 0],
							"lerp_mode": "catmullrom"
						}
					}
				},
				"lever": {
					"rotation": {
						"1.2917": {
							"pre": [0, 0, 0],
							"post": [0, 0, 0],
							"lerp_mode": "catmullrom"
						},
						"1.6667": {
							"post": [-50, 0, 0],
							"lerp_mode": "catmullrom"
						},
						"1.8333": {
							"post": [0, 0, 0],
							"lerp_mode": "catmullrom"
						}
					}
				}
			},
			"sound_effects": {
				"0.4583": {
					"effect": "gun_rustle"
				},
				"1.25": {
					"effect": "lever"
				}
			}
		},
		"reload_start": {
			"animation_length": 0.375,
			"bones": {
				"gun_body": {
					"rotation": {
						"0.0": {
							"post": [0, 0, 0],
							"lerp_mode": "catmullrom"
						},
						"0.375": {
							"post": [-8.18116, 6.03189, 29.86122],
							"lerp_mode": "catmullrom"
						}
					},
					"position": {
						"0.0": {
							"post": [0, 0, 0],
							"lerp_mode": "catmullrom"
						},
						"0.2083": {
							"post": [-0.84017, 0.52399, 0.37767],
							"lerp_mode": "catmullrom"
						},
						"0.375": {
							"post": [-1.20338, 0.79012, 0.11487],
							"lerp_mode": "catmullrom"
						}
					}
				},
				"right_arm": {
					"rotation": [90, 0, -180],
					"position": [5.9, -2.95, 5.25]
				},
				"left_arm": {
					"rotation": {
						"0.0": {
							"post": [73.95054, -26.20116, -129.71317],
							"lerp_mode": "catmullrom"
						},
						"0.25": {
							"post": [82.3783, 15.9781, -109.33531],
							"lerp_mode": "catmullrom"
						},
						"0.375": {
							"post": [80.95811, 35.7727, -112.54043],
							"lerp_mode": "catmullrom"
						}
					},
					"position": {
						"0.0": {
							"post": [-3.5, -4.7, -2.85],
							"lerp_mode": "catmullrom"
						},
						"0.25": {
							"post": [-7.2667, -14.92033, 0.51998],
							"lerp_mode": "catmullrom"
						},
						"0.375": {
							"post": [6.93081, -7.92918, 4.49212],
							"lerp_mode": "catmullrom"
						}
					},
					"scale": {
						"0.0": [0, 0, 0],
						"0.375": [0, 0, 0]
					}
				},
				"shell": {
					"scale": 0
				}
			},
			"sound_effects": {
				"0.0833": {
					"effect": "rustle"
				}
			}
		},
		"reload_stop": {
			"animation_length": 0.25,
			"bones": {
				"gun_body": {
					"rotation": {
						"0.0": {
							"post": [-8.18116, 6.03189, 29.86122],
							"lerp_mode": "catmullrom"
						},
						"0.1667": {
							"post": [0, 0, 0],
							"lerp_mode": "catmullrom"
						}
					},
					"position": {
						"0.0": {
							"post": [-1.20338, 0.79012, 0.11487],
							"lerp_mode": "catmullrom"
						},
						"0.0833": {
							"post": [-0.69773, 0.03895, 0.03329],
							"lerp_mode": "catmullrom"
						},
						"0.1667": {
							"post": [0, 0, 0],
							"lerp_mode": "catmullrom"
						}
					}
				},
				"right_arm": {
					"rotation": [90, 0, -180],
					"position": [5.9, -2.95, 5.25]
				},
				"left_arm": {
					"rotation": {
						"0.0": {
							"post": [80.95811, 35.7727, -112.54043],
							"lerp_mode": "catmullrom"
						},
						"0.0833": {
							"post": [73.95054, -26.20116, -129.71317],
							"lerp_mode": "catmullrom"
						}
					},
					"position": {
						"0.0": {
							"post": [6.93081, -7.92918, 4.49212],
							"lerp_mode": "catmullrom"
						},
						"0.0833": {
							"post": [-3.5, -4.7, -2.85],
							"lerp_mode": "catmullrom"
						}
					},
					"scale": {
						"0.0": [1, 1, 1],
						"0.0417": [0, 0, 0]
					}
				}
			},
			"particle_effects": {
				"0.0833": {
					"effect": "eject_casing"
				},
				"0.25": {
					"effect": "end_reload"
				}
			}
		},
		"reload_loop": {
			"loop": true,
			"animation_length": 0.625,
			"bones": {
				"gun_body": {
					"rotation": {
						"0.0": {
							"post": [-8.18116, 6.03189, 29.86122],
							"lerp_mode": "catmullrom"
						},
						"0.25": {
							"post": [-10.18116, 6.03189, 29.86122],
							"lerp_mode": "catmullrom"
						},
						"0.3333": {
							"post": [-10.20496, 5.33641, 25.90265],
							"lerp_mode": "catmullrom"
						},
						"0.375": {
							"post": [-10.20496, 5.33641, 25.90265],
							"lerp_mode": "catmullrom"
						},