{
	"format_version": "1.8.0",
	"animations": {
		"shoot": {
			"loop": true,
			"animation_length": 0.375,
			"bones": {
				"right_arm": {
					"rotation": [90, 0, -180],
					"position": [5.9, -2.6912, 6.75865]
				},
				"left_arm": {
					"rotation": [97.57031, -22.32321, -174.88983],
					"position": [-2.53227, -5.75586, 1.62004]
				},
				"gun_body": {
					"rotation": {
						"0.0": [-1, 0, 0],
						"0.0833": [-1, 0, 0],
						"0.3333": [0, 0, 0],
						"0.375": [0, 0, 0]
					},
					"position": {
						"0.0": [0, 0.05002, 1.24782],
						"0.0833": [0, 0, 0.5],
						"0.25": [0, 0, 0],
						"0.3333": [0, 0, 0],
						"0.375": [0, 0, 0]
					}
				},
				"bolt": {
					"position": {
						"0.0": [0, 0, 2.25],
						"0.1667": [0, 0, 0],
						"0.375": [0, 0, 0]
					}
				},
				"magazine": {
					"rotation": [0, 0, 0],
					"position": [0, 0, 0],
					"scale": 1
				},
				"barrels": {
					"position": {
						"0.0": [0, 0, 2],
						"0.2083": [0, 0, 0]
					}
				}
			},
			"particle_effects": {
				"0.0": {
					"effect": "eject_casing"
				}
			}
		},
		"aim_shoot": {
			"loop": true,
			"animation_length": 0.375,
			"bones": {
				"right_arm": {
					"rotation": [90, 0, -180],
					"position": [5.9, -2.6912, 6.75865]
				},
				"left_arm": {
					"rotation": [97.57031, -22.32321, -174.88983],
					"position": [-2.53227, -5.75586, 1.62004]
				},
				"gun_body": {
					"rotation": {
						"0.0": [-1, 0, 0],
						"0.0833": [-1, 0, 0],
						"0.3333": [0, 0, 0],
						"0.375": [0, 0, 0]
					},
					"position": {
						"0.0": [0, 0.05002, 1.24782],
						"0.0833": [0, 0, 0.5],
						"0.25": [0, 0, 0],
						"0.3333": [0, 0, 0],
						"0.375": [0, 0, 0]
					}
				},
				"bolt": {
					"position": {
						"0.0": [0, 0, 2.25],
						"0.125": [0, 0, 0],
						"0.375": [0, 0, 0]
					}
				},
				"magazine": {
					"rotation": [0, 0, 0],
					"position": [0, 0, 0],
					"scale": 1
				},
				"barrels": {
					"position": {
						"0.0": [0, 0, 2],
						"0.125": [0, 0, 0]
					}
				}
			},
			"particle_effects": {
				"0.0": {
					"effect": "eject_casing"
				}
			}
		},
		"inspect": {
			"animation_length": 4.2083,
			"bones": {
				"left_arm": {
					"rotation": [97.57031, -22.32321, -174.88983],
					"position": [-2.53227, -5.75586, 1.62004]
				},
				"gun_body": {
					"rotation": {
						"0.0": {
							"post": [0, 0, 0],
							"lerp_mode": "catmullrom"
						},
						"0.375": {
							"post": [-9.95488, -0.95364, -36.41694],
							"lerp_mode": "catmullrom"
						},
						"0.7083": {
							"post": [-17.31162, -1.94139, -42.08335],
							"lerp_mode": "catmullrom"
						},
						"1.0833": {
							"post": [-17.31162, -1.94139, -42.08335],
							"lerp_mode": "catmullrom"
						},
						"1.2917": {
							"post": [-11.10863, 13.4997, 14.05224],
							"lerp_mode": "catmullrom"
						},
						"1.7083": {
							"post": [-2.33122, 22.73544, 63.3052],
							"lerp_mode": "catmullrom"
						},
						"1.9583": {
							"post": [-2.33122, 22.73544, 63.3052],
							"lerp_mode": "catmullrom"
						},
						"2.2917": {
							"post": [-2.14079, 20.42023, 63.76104],
							"lerp_mode": "catmullrom"
						},
						"2.6667": {
							"post": [-2.16981, 7.74686, 63.91397],
							"lerp_mode": "catmullrom"
						},
						"2.875": {
							"post": [-5.11645, 9.76517, 57.80864],
							"lerp_mode": "catmullrom"
						},
						"3.6667": {
							"post": [-22.57, 12.47, 22.48],
							"lerp_mode": "catmullrom"
						},
						"4.2083": {
							"post": [0, 0, 0],
							"lerp_mode": "catmullrom"
						}
					},
					"position": {
						"0.0": {
							"post": [0, 0, 0],
							"lerp_mode": "catmullrom"
						},
						"0.375": {
							"post": [-1.02822, 1.54841, -1.19573],
							"lerp_mode": "catmullrom"
						},
						"0.7083": {
							"post": [-2.58072, 2.93378, -1.39142],
							"lerp_mode": "catmullrom"
						},
						"1.0833": {
							"post": [-2.58072, 2.93378, -1.39142],
							"lerp_mode": "catmullrom"
						},
						"1.7083": {
							"post": [-2.44905, 3.27051, -1.19589],
							"lerp_mode": "catmullrom"
						},
						"1.9583": {
							"post": [-2.03472, 2.44652, -1.58237],
							"lerp_mode": "catmullrom"
						},
						"2.2917": {
							"post": [-1.88283, 1.90127, -1.67262],
							"lerp_mode": "catmullrom"
						},
						"2.7917": {
							"post": [-2.56, 2.91, -1.29],
							"lerp_mode": "catmullrom"
						},
						"2.8333": {
							"post": [-2.60774, 3.20766, -1.9357],
							"lerp_mode": "catmullrom"
						},
						"2.875": {
							"post": [-2.56, 2.91, -1.29],
							"lerp_mode": "catmullrom"
						},
						"2.9583": {
							"post": [-2.68, 2.99, -2.17],
							"lerp_mode": "catmullrom"
						},
						"3.6667": {
							"post": [-2.27, 4.94, -0.75],
							"lerp_mode": "catmullrom"
						},
						"4.2083": {
							"post": [0, 0, 0],
							"lerp_mode": "catmullrom"
						}
					}
				},
				"bolt": {
					"position": {
						"2.375": {
							"pre": [0, 0, 0],
							"post": [0, 0, 0],
							"lerp_mode": "catmullrom"
						},
						"2.5": {
							"post": [0, 0, 1.865],
							"lerp_mode": "catmullrom"
						},
						"2.5417": {
							"post": [0, 0, 2.25],
							"lerp_mode": "catmullrom"
						},
						"2.625": {
							"post": [0, 0, 2.45],
							"lerp_mode": "catmullrom"
						},
						"2.7917": {
							"post": [0, 0, 2.45],
							"lerp_mode": "catmullrom"
						},
						"2.875": {
							"post": [0, 0, -0.5],
							"lerp_mode": "catmullrom"
						},
						"2.9167": {
							"post": [0, 0, 0],
							"lerp_mode": "catmullrom"
						},
						"3.6667": {
							"post": [0, 0, 0],
							"lerp_mode": "catmullrom"
						}
					}
				},
				"right_arm": {
					"rotation": {
						"0.0": [90, 0, -180],
						"1.625": [90, 0, -180],
						"1.875": [108.01026, 1.90208, -179.38174],
						"2.375": [108.01026, 1.90208, -179.38174],
						"2.6667": [112.93931, -0.46851, -180.0032],
						"2.7083": [112.93931, -0.46851, -180.0032],
						"2.875": [108.44248, -9.86748, -183.15167],
						"3.4167": [90, 0, -180]
					},
					"position": {
						"0.0": [5.9, -2.6912, 6.75865],
						"1.625": [5.9, -2.6912, 6.75865],
						"1.875": [3.93839, -1.87476, 5.86898],
						"2.375": [3.93839, -1.87476, 5.86898],
						"2.5417": [4.52614, -2.62357, 8.40795],
						"2.6667": [4.25845, -2.82262, 8.99944],
						"2.7083": [4.25845, -2.82262, 8.99944],
						"2.875": [3.2984, -2.78465, 8.52193],
						"3.4167": [5.9, -2.69, 6.76]
					}
				},
				"barrels": {
					"position": {
						"2.375": [0, 0, 0],
						"2.5833": [0, 0, 1.5],
						"2.6667": [0, 0, 2],
						"2.7917": [0, 0, 2],
						"2.875": [0, 0, 0]
					}
				}
			},
			"sound_effects": {
				"0.4583": {
					"effect": "gun_rustle"
				},
				"2.1667": {
					"effect": "rack"
				},
				"3.9167": {
					"effect": "bolt_release"
				}
			}
		},
		"draw": {
			"animation_length": 0.625,
			"bones": {
				"right_arm": {
					"rotation": [90, 0, -180],
					"position": [5.9, -2.6912, 6.75865]
				},
				"left_arm": {
					"rotation": [97.57031, -22.32321, -174.88983],
					"position": [-2.53227, -5.75586, 1.62004]
				},
				"gun_body": {
					"rotation": {
						"0.0417": [15, 0, 0],
						"0.4583": [0, 0, 0],
						"0.5417": [-4.16957, 0.82074, 0.03898],
						"0.625": [0, 0, 0]
					},
					"position": {
						"0.0417": [0, -7, 0],
						"0.4583": [0, 0, 0],
						"0.5417": [0, 0.5, 0],
						"0.625": [0, 0, 0]
					}
				}
			}
		},
		"reload": {
			"animation_length": 2.3333,
			"bones": {
				"gun_body": {
					"rotation": {
						"0.0": [0, 0, 0],
						"0.0833": {
							"pre": [3.25, 0, -9.75],
							"post": [3.25, 0, -9.75],
							"lerp_mode": "catmullrom"
						},
						"0.2917": {
							"post": [0.24971, 0.01199, -12.49997],
							"lerp_mode": "catmullrom"
						},
						"0.375": {
							"post": [0.24971, 0.01199, -12.49997],
							"lerp_mode": "catmullrom"
						},
						"0.5417": {
							"post": [-9.18933, -2.79074, 24.79804],